xmin,ymin,xmax,ymax,confidence,class,name,image_path
1002.73046875,250.02911376953125,1137.040283203125,332.46142578125,0.8721222281455994,2,car,Z:\EE_297A\dataset\lanes\TUSimple\train_set\clips\0313-1\6040\20.jpg
146.2303466796875,236.68463134765625,329.15753173828125,369.75799560546875,0.8340897560119629,2,car,Z:\EE_297A\dataset\lanes\TUSimple\train_set\clips\0313-1\6040\20.jpg
452.52398681640625,242.9312744140625,565.7863159179688,340.23248291015625,0.8112476468086243,2,car,Z:\EE_297A\dataset\lanes\TUSimple\train_set\clips\0313-1\6040\20.jpg
1156.6533203125,7.60137939453125,1278.688232421875,524.3005981445312,0.5533677935600281,7,truck,Z:\EE_297A\dataset\lanes\TUSimple\train_set\clips\0313-1\6040\20.jpg
108.5006332397461,269.07318115234375,155.91775512695312,298.25726318359375,0.5505160689353943,2,car,Z:\EE_297A\dataset\lanes\TUSimple\train_set\clips\0313-1\6040\20.jpg
569.0689697265625,243.76211547851562,614.4901123046875,288.4081726074219,0.5105929970741272,7,truck,Z:\EE_297A\dataset\lanes\TUSimple\train_set\clips\0313-1\6040\20.jpg
646.5573120117188,258.2955322265625,682.1257934570312,280.16729736328125,0.3707868158817291,2,car,Z:\EE_297A\dataset\lanes\TUSimple\train_set\clips\0313-1\6040\20.jpg
610.9071044921875,256.06878662109375,643.2584228515625,283.40570068359375,0.26320353150367737,2,car,Z:\EE_297A\dataset\lanes\TUSimple\train_set\clips\0313-1\6040\20.jpg
